{
  "total_samples": 1826,
  "training_date": "2025-12-04T03:46:59.793562",
  "best_profit_score": 0.5926268767524552,
  "best_accuracy": 0.5192307692307693,
  "models_trained": 4
}