{
  "total_samples": 1827,
  "training_date": "2025-11-18T15:26:48.674866",
  "best_profit_score": 0.5903622492329106,
  "best_accuracy": 0.5192307692307693,
  "models_trained": 4
}