{
  "total_samples": 1826,
  "training_date": "2025-11-16T04:12:17.629762",
  "best_profit_score": 0.5928869242196555,
  "best_accuracy": 0.5054945054945055,
  "models_trained": 4
}