{
  "total_samples": 1827,
  "training_date": "2025-11-21T15:22:02.202220",
  "best_profit_score": 0.5955322969090808,
  "best_accuracy": 0.5384615384615384,
  "models_trained": 4
}