{
  "total_samples": 1827,
  "training_date": "2025-11-22T15:21:34.122054",
  "best_profit_score": 0.5844022467896179,
  "best_accuracy": 0.5164835164835165,
  "models_trained": 4
}