{
  "total_samples": 1827,
  "training_date": "2025-11-28T15:24:47.845185",
  "best_profit_score": 0.5929548357869242,
  "best_accuracy": 0.5302197802197802,
  "models_trained": 4
}