{
  "total_samples": 1827,
  "training_date": "2025-11-25T15:27:23.439900",
  "best_profit_score": 0.5853974067247831,
  "best_accuracy": 0.5027472527472527,
  "models_trained": 4
}