{
  "total_samples": 1827,
  "training_date": "2025-11-23T15:21:22.543894",
  "best_profit_score": 0.5913199474523355,
  "best_accuracy": 0.5357142857142857,
  "models_trained": 4
}