{
  "total_samples": 1827,
  "training_date": "2025-11-24T15:28:14.234076",
  "best_profit_score": 0.5869294166564942,
  "best_accuracy": 0.5302197802197802,
  "models_trained": 4
}