{
  "total_samples": 1827,
  "training_date": "2025-12-01T15:27:33.963244",
  "best_profit_score": 0.5786108213466602,
  "best_accuracy": 0.5082417582417582,
  "models_trained": 4
}