{
  "total_samples": 1827,
  "training_date": "2025-11-22T23:58:27.798739",
  "best_profit_score": 0.5872232976850572,
  "best_accuracy": 0.521978021978022,
  "models_trained": 4
}