{
  "total_samples": 1827,
  "training_date": "2025-12-02T15:28:48.718098",
  "best_profit_score": 0.5867683427019434,
  "best_accuracy": 0.5164835164835165,
  "models_trained": 4
}