{
  "total_samples": 1827,
  "training_date": "2025-11-19T15:25:56.614523",
  "best_profit_score": 0.5872289529213538,
  "best_accuracy": 0.5164835164835165,
  "models_trained": 4
}