{
  "total_samples": 1826,
  "training_date": "2025-11-21T03:30:39.140040",
  "best_profit_score": 0.5838306455821782,
  "best_accuracy": 0.510989010989011,
  "models_trained": 4
}