{
  "total_samples": 1826,
  "training_date": "2025-11-29T15:22:03.941729",
  "best_profit_score": 0.5809838389957345,
  "best_accuracy": 0.5054945054945055,
  "models_trained": 4
}