{
  "total_samples": 1827,
  "training_date": "2025-11-16T19:51:18.132431",
  "best_profit_score": 0.587746463241158,
  "best_accuracy": 0.510989010989011,
  "models_trained": 4
}