{
  "total_samples": 1827,
  "training_date": "2025-11-26T15:23:48.846216",
  "best_profit_score": 0.5880501636437008,
  "best_accuracy": 0.5164835164835165,
  "models_trained": 4
}