{
  "total_samples": 1827,
  "training_date": "2025-11-17T15:27:35.475727",
  "best_profit_score": 0.5925483698373313,
  "best_accuracy": 0.5192307692307693,
  "models_trained": 4
}