{
  "optimal_weights": {
    "AAPL": 0.6145803080249523,
    "AMD": 9.595189226496714e-18,
    "CRML": 0.019082671636902093,
    "IONQ": 0.0,
    "TSLA": 2.054563116860031e-17,
    "DOGE": 8.287370355936075e-18,
    "BTC": 0.30938241051676496,
    "ETH": 1.1926223897340549e-18,
    "SOL": 6.2341624917916505e-18,
    "BNB": 0.056954609821380654
  },
  "performance": {
    "optimal_volatility": 0.2606653282508693,
    "optimal_return": 0.09968260229162014,
    "optimal_sharpe": 0.382416038836142,
    "equal_volatility": 0.4488262196854659,
    "equal_return": -0.012955543308089332,
    "equal_sharpe": -0.02886538874036477
  },
  "generated_at": "2025-11-30T15:21:55.512048"
}