{
  "optimal_weights": {
    "AAPL": 0.6177585720336114,
    "AMD": 0.0,
    "CRML": 0.01973932557947129,
    "IONQ": 1.5395670849294163e-17,
    "TSLA": 2.959871930885427e-17,
    "DOGE": 5.692061405548898e-18,
    "BTC": 0.30195660543939185,
    "ETH": 2.3527187142935446e-17,
    "SOL": 0.0,
    "BNB": 0.060545496947525555
  },
  "performance": {
    "optimal_volatility": 0.2610393151542916,
    "optimal_return": 0.08913191327820742,
    "optimal_sharpe": 0.3414501498577888,
    "equal_volatility": 0.45140412734851737,
    "equal_return": -0.05678117328405659,
    "equal_sharpe": -0.12578789125739942
  },
  "generated_at": "2025-12-04T03:46:26.276904"
}