{
  "optimal_weights": {
    "AAPL": 0.6170487790964242,
    "AMD": 3.469446951953614e-18,
    "CRML": 0.02032723216152283,
    "IONQ": 1.3769367590565906e-17,
    "TSLA": 8.565197162635485e-18,
    "DOGE": 6.451002926288751e-17,
    "BTC": 0.3117966692992327,
    "ETH": 0.0,
    "SOL": 0.0,
    "BNB": 0.05082731944282043
  },
  "performance": {
    "optimal_volatility": 0.26109803734199843,
    "optimal_return": 0.07593691343450432,
    "optimal_sharpe": 0.2908367837902917,
    "equal_volatility": 0.45019882174846404,
    "equal_return": -0.06682974200364303,
    "equal_sharpe": -0.14844495093099616
  },
  "generated_at": "2025-11-22T23:57:56.212922"
}