{
  "optimal_weights": {
    "AAPL": 0.6200063541957371,
    "AMD": 0.0,
    "CRML": 0.019930884486206904,
    "IONQ": 1.0354130747236567e-17,
    "TSLA": 0.0,
    "DOGE": 2.325613659981407e-17,
    "BTC": 0.3065064846625973,
    "ETH": 0.0,
    "SOL": 0.0,
    "BNB": 0.05355627665545891
  },
  "performance": {
    "optimal_volatility": 0.2604113117259381,
    "optimal_return": 0.10263258905176467,
    "optimal_sharpe": 0.394117246180831,
    "equal_volatility": 0.44890608718170655,
    "equal_return": -0.028315525392805685,
    "equal_sharpe": -0.06307672406621706
  },
  "generated_at": "2025-12-02T15:28:19.468703"
}