{
  "optimal_weights": {
    "AAPL": 0.6145802580850063,
    "AMD": 0.0,
    "CRML": 0.019082687452552764,
    "IONQ": 2.2622555955267853e-17,
    "TSLA": 0.0,
    "DOGE": 1.123504501238104e-17,
    "BTC": 0.3093823294940163,
    "ETH": 2.4990860075790877e-17,
    "SOL": 0.0,
    "BNB": 0.056954724968424617
  },
  "performance": {
    "optimal_volatility": 0.260665335987144,
    "optimal_return": 0.09968263955356091,
    "optimal_sharpe": 0.38241617043578535,
    "equal_volatility": 0.4488262148570262,
    "equal_return": -0.012955543308089401,
    "equal_sharpe": -0.028865389050896674
  },
  "generated_at": "2025-11-29T15:21:39.371826"
}