{
  "optimal_weights": {
    "AAPL": 0.6187497280053241,
    "AMD": 0.0,
    "CRML": 0.020276801653907932,
    "IONQ": 5.908901840045999e-18,
    "TSLA": 1.962405932198763e-17,
    "DOGE": 0.0,
    "BTC": 0.30019825979204773,
    "ETH": 7.535205098774256e-18,
    "SOL": 0.0,
    "BNB": 0.060775210548720114
  },
  "performance": {
    "optimal_volatility": 0.260459908416125,
    "optimal_return": 0.1067429945998042,
    "optimal_sharpe": 0.4098250485033027,
    "equal_volatility": 0.44893819117231093,
    "equal_return": -0.043293782383577534,
    "equal_sharpe": -0.09643595317770719
  },
  "generated_at": "2025-12-03T16:40:22.742808"
}