{
  "optimal_weights": {
    "AAPL": 0.6184463124002321,
    "AMD": 0.0,
    "CRML": 0.02023716746498895,
    "IONQ": 0.0,
    "TSLA": 0.0,
    "DOGE": 1.599198204416119e-17,
    "BTC": 0.30012179395722066,
    "ETH": 9.540979117872439e-18,
    "SOL": 7.318364664277155e-18,
    "BNB": 0.06119472617755851
  },
  "performance": {
    "optimal_volatility": 0.26039532527726045,
    "optimal_return": 0.10424957026707285,
    "optimal_sharpe": 0.40035115897749435,
    "equal_volatility": 0.4488572494989288,
    "equal_return": -0.04680476580768581,
    "equal_sharpe": -0.10427539236569133
  },
  "generated_at": "2025-12-03T16:21:02.276706"
}