{
  "optimal_weights": {
    "AAPL": 0.6208820594531127,
    "AMD": 2.9341221292888964e-17,
    "CRML": 0.020400704183448966,
    "IONQ": 1.7076184216646695e-18,
    "TSLA": 8.348356728138384e-18,
    "DOGE": 1.4094628242311558e-17,
    "BTC": 0.3143185110008475,
    "ETH": 2.0708261494473135e-17,
    "SOL": 4.7271214720367993e-17,
    "BNB": 0.04439872536259061
  },
  "performance": {
    "optimal_volatility": 0.2607241135113201,
    "optimal_return": 0.06659663129107224,
    "optimal_sharpe": 0.25542950513543794,
    "equal_volatility": 0.44982566380661554,
    "equal_return": -0.08508588470263409,
    "equal_sharpe": -0.1891530242685605
  },
  "generated_at": "2025-11-21T15:21:34.220572"
}