{
  "optimal_weights": {
    "AAPL": 0.6210350632287168,
    "AMD": 1.4319091973333947e-18,
    "CRML": 0.01903508848923566,
    "IONQ": 0.0,
    "TSLA": 8.61940727125976e-18,
    "DOGE": 0.0,
    "BTC": 0.3082103045948527,
    "ETH": 3.822278526132393e-17,
    "SOL": 1.644514467094224e-17,
    "BNB": 0.05171954368719492
  },
  "performance": {
    "optimal_volatility": 0.26077703209782205,
    "optimal_return": 0.06794581886047404,
    "optimal_sharpe": 0.2605513925589366,
    "equal_volatility": 0.4493632665372152,
    "equal_return": -0.0772307111643773,
    "equal_sharpe": -0.1718669880596064
  },
  "generated_at": "2025-12-01T15:27:06.187822"
}