{
  "optimal_weights": {
    "AAPL": 0.6108076451948955,
    "AMD": 1.4148838350935833e-17,
    "CRML": 0.019871253189740784,
    "IONQ": 1.422337725029421e-17,
    "TSLA": 0.0,
    "DOGE": 6.505213034913027e-19,
    "BTC": 0.3116478984225669,
    "ETH": 0.0,
    "SOL": 0.0,
    "BNB": 0.05767320319279677
  },
  "performance": {
    "optimal_volatility": 0.2600578494304124,
    "optimal_return": 0.08902950362159542,
    "optimal_sharpe": 0.3423449967635697,
    "equal_volatility": 0.44792690717402406,
    "equal_return": -0.035344823846518825,
    "equal_sharpe": -0.07890757014243623
  },
  "generated_at": "2025-11-27T15:24:36.366576"
}