{
  "optimal_weights": {
    "AAPL": 0.6153755373084702,
    "AMD": 0.0,
    "CRML": 0.020451383965194768,
    "IONQ": 0.0,
    "TSLA": 2.7321894746634712e-17,
    "DOGE": 0.0,
    "BTC": 0.31639957827403276,
    "ETH": 0.0,
    "SOL": 0.0,
    "BNB": 0.047773500452302414
  },
  "performance": {
    "optimal_volatility": 0.2611971769285187,
    "optimal_return": 0.09121068879993907,
    "optimal_sharpe": 0.349202429645327,
    "equal_volatility": 0.4500190483696346,
    "equal_return": -0.031240509638166707,
    "equal_sharpe": -0.06942041620537476
  },
  "generated_at": "2025-11-21T03:30:09.037206"
}