{
  "optimal_weights": {
    "AAPL": 0.6142070397964984,
    "AMD": 0.0,
    "CRML": 0.019365448117915792,
    "IONQ": 0.0,
    "TSLA": 2.905661822261152e-17,
    "DOGE": 6.445581915426324e-17,
    "BTC": 0.30873220521864286,
    "ETH": 0.0,
    "SOL": 3.0357660829594124e-18,
    "BNB": 0.05769530686694306
  },
  "performance": {
    "optimal_volatility": 0.2594779769499965,
    "optimal_return": 0.10908147720533859,
    "optimal_sharpe": 0.4203881905028089,
    "equal_volatility": 0.446981042147988,
    "equal_return": -0.0018299802498943918,
    "equal_sharpe": -0.004094089183515116
  },
  "generated_at": "2025-11-28T15:24:23.514423"
}