{
  "optimal_weights": {
    "AAPL": 0.6145720437128958,
    "AMD": 0.0007735196502744376,
    "CRML": 0.020186383220868975,
    "IONQ": 5.854691731421724e-18,
    "TSLA": 0.0,
    "DOGE": 6.417121608398579e-18,
    "BTC": 0.3129944644583524,
    "ETH": 1.3444106938820255e-17,
    "SOL": 3.743208000506204e-17,
    "BNB": 0.05147358895760841
  },
  "performance": {
    "optimal_volatility": 0.26026893970624715,
    "optimal_return": 0.10249335915110547,
    "optimal_sharpe": 0.3937978894707325,
    "equal_volatility": 0.44824292343375743,
    "equal_return": -0.03266168706449575,
    "equal_sharpe": -0.07286604061541327
  },
  "generated_at": "2025-11-25T15:26:54.649422"
}