{
  "optimal_weights": {
    "AAPL": 0.6185523037506557,
    "AMD": 0.0,
    "CRML": 0.020241808602638304,
    "IONQ": 2.710505431213761e-19,
    "TSLA": 0.0,
    "DOGE": 0.0,
    "BTC": 0.3001282204189986,
    "ETH": 0.0,
    "SOL": 9.595189226496714e-18,
    "BNB": 0.06107766722770758
  },
  "performance": {
    "optimal_volatility": 0.26042576377160953,
    "optimal_return": 0.10508428147503326,
    "optimal_sharpe": 0.4035095451124068,
    "equal_volatility": 0.4489105130564881,
    "equal_return": -0.04552058290391382,
    "equal_sharpe": -0.10140235432219828
  },
  "generated_at": "2025-12-03T16:32:18.868842"
}