{
  "optimal_weights": {
    "AAPL": 0.6169377398387397,
    "AMD": 6.310056643865636e-17,
    "CRML": 0.020343468916344448,
    "IONQ": 0.0,
    "TSLA": 0.0,
    "DOGE": 0.0,
    "BTC": 0.31119704894368844,
    "ETH": 3.436920886779049e-17,
    "SOL": 4.2717565595928875e-17,
    "BNB": 0.0515217423012273
  },
  "performance": {
    "optimal_volatility": 0.26009236870352015,
    "optimal_return": 0.0755175144338752,
    "optimal_sharpe": 0.29034882803485007,
    "equal_volatility": 0.44842544325235,
    "equal_return": -0.0621798246665282,
    "equal_sharpe": -0.1386625705614494
  },
  "generated_at": "2025-11-24T15:27:47.305298"
}