{
  "optimal_weights": {
    "AAPL": 0.6170486817852338,
    "AMD": 3.458604930228759e-17,
    "CRML": 0.020327220909228432,
    "IONQ": 5.204170427930421e-18,
    "TSLA": 8.131516293641283e-18,
    "DOGE": 4.119968255444917e-18,
    "BTC": 0.3117967132750115,
    "ETH": 0.0,
    "SOL": 0.0,
    "BNB": 0.05082738403052614
  },
  "performance": {
    "optimal_volatility": 0.2610980829781033,
    "optimal_return": 0.07593690891238644,
    "optimal_sharpe": 0.2908367156366859,
    "equal_volatility": 0.4501988229062225,
    "equal_return": -0.06682974200364303,
    "equal_sharpe": -0.14844495054924617
  },
  "generated_at": "2025-11-23T15:20:58.944473"
}