{
  "optimal_weights": {
    "AAPL": 0.618359970459717,
    "AMD": 0.0,
    "CRML": 0.020470120221451015,
    "IONQ": 0.0,
    "TSLA": 2.981555974335137e-17,
    "DOGE": 1.1014816446094922e-17,
    "BTC": 0.30017399483403395,
    "ETH": 0.0,
    "SOL": 9.86623976961809e-18,
    "BNB": 0.0609959144847981
  },
  "performance": {
    "optimal_volatility": 0.2605847878254786,
    "optimal_return": 0.10706396230636325,
    "optimal_sharpe": 0.4108603698619091,
    "equal_volatility": 0.44890705100516193,
    "equal_return": -0.04564548557040214,
    "equal_sharpe": -0.10168137361218964
  },
  "generated_at": "2025-12-03T15:28:14.958334"
}