{
  "optimal_weights": {
    "AAPL": 0.6177586798124554,
    "AMD": 0.0,
    "CRML": 0.019739321022228796,
    "IONQ": 9.571472303973594e-18,
    "TSLA": 1.111307226797642e-17,
    "DOGE": 0.0,
    "BTC": 0.30195636875144133,
    "ETH": 5.908901840045999e-18,
    "SOL": 0.0,
    "BNB": 0.06054563041387467
  },
  "performance": {
    "optimal_volatility": 0.2610392817291319,
    "optimal_return": 0.08913201277854386,
    "optimal_sharpe": 0.3414505747492515,
    "equal_volatility": 0.45140412301474536,
    "equal_return": -0.0567811668756366,
    "equal_sharpe": -0.12578787826840876
  },
  "generated_at": "2025-12-04T01:37:35.435555"
}