{
  "optimal_weights": {
    "AAPL": 0.6187347792658988,
    "AMD": 1.214306433183765e-17,
    "CRML": 0.020256159954150543,
    "IONQ": 0.0,
    "TSLA": 2.108773225484306e-17,
    "DOGE": 3.5887091909270197e-17,
    "BTC": 0.30018633670274075,
    "ETH": 3.9193908535350985e-17,
    "SOL": 0.0,
    "BNB": 0.06082272407720997
  },
  "performance": {
    "optimal_volatility": 0.2604574539515206,
    "optimal_return": 0.10658530212275089,
    "optimal_sharpe": 0.4092234662732663,
    "equal_volatility": 0.4489417125681329,
    "equal_return": -0.043228623340006975,
    "equal_sharpe": -0.09629005755050318
  },
  "generated_at": "2025-12-03T16:49:53.434946"
}