{
  "optimal_weights": {
    "AAPL": 0.920926509847566,
    "AMD": 0.05653063879175931,
    "CRML": 0.022542851360674816,
    "IONQ": 0.0,
    "TSLA": 9.486769009248164e-18
  },
  "performance": {
    "optimal_volatility": 0.31982490713023703,
    "optimal_return": 0.1846489030654212,
    "optimal_sharpe": 0.577343724484315,
    "equal_volatility": 0.5903955019999464,
    "equal_return": 0.21717169961482627,
    "equal_sharpe": 0.3678410470255344
  },
  "generated_at": "2025-11-22T15:21:08.555576"
}