{
  "optimal_weights": {
    "AAPL": 0.6144600954386797,
    "AMD": 2.2280354644577116e-17,
    "CRML": 0.019985391320972042,
    "IONQ": 0.0,
    "TSLA": 1.4728208886857774e-17,
    "DOGE": 0.0,
    "BTC": 0.31217216467319087,
    "ETH": 1.6740759169533992e-17,
    "SOL": 0.0,
    "BNB": 0.05338234856715744
  },
  "performance": {
    "optimal_volatility": 0.2599739512097697,
    "optimal_return": 0.10882285675539774,
    "optimal_sharpe": 0.41859138674855145,
    "equal_volatility": 0.44832026467349356,
    "equal_return": -0.0002088244540501341,
    "equal_sharpe": -0.0004657930290129056
  },
  "generated_at": "2025-11-26T15:23:23.509861"
}